ID,Name,Disciplines,Projects,Organisations,Publications
e52e68c1-8016-41de-b2c4-9f5bb0e0e0a8,Louis Daniels,"['02080403', '04010202']",[],['c5a47d38-b0f4-42b2-8005-75e1536b6b7f'],[]
edf5af41-98a3-4ec7-b55a-c4755b5dcf54,Benoit Vandaele,['05020104'],[],['6986591b-f5db-4c0b-9a2d-ae1fe7684605'],[]
254755ed-d0a1-4419-b8d9-1551e4c85c88,Simon Remans,['01060102'],[],['e1ff43de-1101-4978-b9c5-39bbacce0ef4'],[]
23755a31-f949-4eb8-8a3a-143d3e109edd,Seppe Top,['04010203'],[],['c5a47d38-b0f4-42b2-8005-75e1536b6b7f'],[]
11faf5ef-fc0c-49fb-8592-f2a5cffd953b,Santiago Mendoza Paz,['02011299'],['accc90f3-197e-472a-b253-8ec8a2ea6e68'],"['6e6a5414-b4a8-4258-99b4-a5aca1124666', 'b3431bac-9a24-47bc-9886-04e9efcb20a6']",[]
28c2dfc2-fe81-4dba-89ff-2f8b755d883d,Jef Carlier,['05039999'],[],"['e84c0620-4cee-47a2-8c94-db4f3b78f4d2', '23bdb54f-eb12-4626-a7f7-6170716a26a9', '5b8816b4-38e3-4bf0-850a-c6e63d3a7fd7']",[]
8e413da1-35df-48f0-8e0e-636e5db868d4,Marjolein Van Damme,['05020105'],['bad5f859-136f-41c9-ae9e-f6f29f57ef08'],['4a5a9444-9dd0-4562-9ee3-686d7629c79f'],[]
a08cb17d-4007-4bcd-9d43-04ff745e323c,Guilherme Antonio Santos Calado Marianito Ascensao,"['02050202', '02050204', '02050299']",[],['f5185f06-6ff4-4fb0-b7d5-ff5dc1982d4d'],['0aff52a1-7753-45bb-ab9e-904d991428e4']
6192f062-c5a5-4e64-97fd-a5fee9dc505a,Achim Vandierendonck,"['02020402', '02020401']",['1e7aef6e-a2c5-49e0-bf9a-6c92ca3dd1f9'],['16a28d37-6005-49e4-be1b-46b8c76f6640'],"['3e511948-405e-4df1-8247-0ca1f3e12a03', '46b52a79-fa3c-4214-aeb8-0cc10a9b6303']"
4ce40a15-54dd-4cf8-824d-79fdf515792f,André Fraiture,[],[],['61e394f3-b6e4-4b75-81d3-5ef33da8dc1d'],"['51d30a44-8ab5-43cc-a8b2-21c01c5218d0', 'd5929aa1-b39a-4ed4-9c49-31cdc531fab0', 'e0a17a79-cc27-49f7-9f4a-7153c813d8f9', '3d3436b7-a173-4cf3-9dfe-eafd253db8c4', 'fe0b78af-47a8-449a-be19-6adfc57c2de1', '9b34bcdb-eada-4512-82fe-d65a1c224c8f', '562c8fed-e33a-47b4-9077-3abdcd4f00fd', '254ece2d-b56d-4a62-ab8e-0ce6b3ccd6f6', '6c548eaf-68b4-4184-9907-e4ee4ebac13b', '782a929c-254b-441d-91a9-1413725a4b7c', 'd3eb6fd2-b1cc-479f-8792-3b1aaf6586f7', '98bc570c-b2f8-4df3-8324-83b920852d5b', 'f7114b8f-6af1-44eb-b122-5946ea189cf7', 'd641c69d-8e21-41da-a659-ad121632f61c', 'book-component:d641c69d-8e21-41da-a659-ad121632f61c', '7badcc65-5fec-439c-b852-a33cf1984658', '6e664cd0-8454-44e6-8a26-b7676612be38', '74cf162a-1edf-4edd-9182-264df7cc898e', 'd5388b21-daaa-4ddb-9264-40d2331ada90', '72ea0a40-5658-458c-8e81-2f5636b8bd6b', '1529fe7b-9768-4fb6-bba1-7adbc33eda7a', '196881f1-ae67-49e5-b532-82258f1518de', '68f74348-d301-449d-8ca9-29ee01f2a28c', '78655c78-f6f7-4cf0-9b62-bf169ae197ae', 'f4fe4b06-1045-4c29-97c3-727b58908533', 'eeb78186-68c1-495b-8152-3ea4674a167a', '4f626b17-886f-4c49-97aa-59dc16ada9fb', '50d4e87e-c554-4ba3-9866-897dd4183821', 'b5a537f2-a3bc-4454-bab4-c3197bd1d297', 'c0975786-a027-49c2-951a-3a93088fe1da', '2f30d872-bb79-47e5-a802-2009d6a91031', '098af562-20c2-4876-8d59-1ae1444c2f28', 'f522763b-2ad0-444e-8479-190e642d88b7', '5ee515dd-f76e-4b68-99b9-8c39d35fbf94', 'book-component:5ee515dd-f76e-4b68-99b9-8c39d35fbf94', '5e76ed56-1f21-46db-b4fa-893c62deba58', '71b5c419-f20b-432b-b971-4938f834c54c', '7b489f51-7abe-455d-8209-68a811e4cba8', 'book-component:7b489f51-7abe-455d-8209-68a811e4cba8', 'f04f1398-a981-48eb-8dc4-b90010f25d55', '4bf0d9ea-b387-42a8-bf41-7e25d09628c8', '51815ee3-2591-41c4-ae9d-e29211cc572f', '45874157-4a02-4c00-848d-a21216ea517d', '51920e67-57e1-4ea5-b4bd-62b3a0d15434', '32aa90a8-63be-41d2-999b-b458468eec78', 'bb775e59-2c95-485a-b5a1-49d83277b8a5', '0957f1a1-eddc-4647-980f-6a32d8760e91', '6627cc8e-a3ad-42a0-a8f1-bed5c5bdd178', '6d0b6f2d-5bed-4947-bec3-da804c93c4d0', '7cc48d8f-8011-4869-af90-2119fca86fd4', 'book-component:7cc48d8f-8011-4869-af90-2119fca86fd4', '3351e27b-ad2e-432e-b5e9-51a0b08d914b', '4111732b-3e60-4ef1-a3cf-5f2b218474f4', '55894d5d-5102-436c-ba6b-efc23b842538', 'ee89d771-efee-4419-be63-04def125452e', '90a90de8-02a4-4828-a472-1d2fa50352ac', '39d1e25e-f69d-43d2-8f3f-6927f231e57c', 'f696b4ed-b9ae-4848-850f-320ca95d85d9', 'c252b34a-f902-46da-9887-32adfe612573', '08d4ee7b-6c8b-4203-b3ac-7d0b69983dd8', '4e6e8b4e-83dc-47d6-b9f8-ebde497fff12', '75de4f61-013f-4ddf-a7d8-078251330fec', '42ea1dc3-cea0-4712-a232-de63d7e383e4', 'a390817b-04a0-4fba-ab00-f9543ed20803', 'a9d4cae5-3066-4a54-86d9-d5f7dff71c17', '87599c54-c84d-4bdc-9c5a-1c1f43db6e5e', 'fd1bb6c7-be50-421b-999b-f0afe8a61f6b', 'book-component:fd1bb6c7-be50-421b-999b-f0afe8a61f6b', 'b4e2d58c-0160-4230-9866-fc66688f09cc', 'cb873aff-dcc1-4ffe-8995-d0cd62d5657a', 'ff9f5b87-4e55-43ee-8fa1-066d315a9c83', '9f3d65a0-f83e-4863-8d43-172a82d29100', 'f9772214-330f-44f2-8090-6b468b3985fa', '46e63e27-c485-463e-b402-d0be149fd417', '7e642fd7-61d5-4a21-be8b-903d98472d78', 'c3a967b5-7655-4f9a-b0df-055abb664c0d', '7d3f0cde-84a3-473a-a71f-309396499e5c', 'e0e3d48a-e0e0-408b-93ba-31e3f6fcf2ec', '223e157e-30b0-4325-9a76-8a0822e4cf36', '46ca9e8d-f258-4fd9-9254-03209e3c63a1', 'c1dfe67e-91d2-4574-af72-afd5ae74f003', '278f2e49-4e19-4485-a3f5-ac8424f3962b', 'bd085f5d-641e-43d6-818d-9002e05e1af3', '19e5b87a-02ed-4c1c-91cc-6ad9a00583de', 'c011a65c-5f52-42a5-9778-7beaa4b406f1', 'ad91989e-f498-4a95-8a49-af487a89d0ac', '231c1b75-bb2a-4372-ba2b-82518dc0a610', 'book-component:231c1b75-bb2a-4372-ba2b-82518dc0a610', '8d15222c-0553-41c6-bd24-dc6064e203e5', '5518907b-df05-4d82-83c1-c1fab3892e9b', 'b9f925b7-70f7-44de-8d2e-3527bdf61775', 'ad126934-791c-419e-8429-832aa5805c96', '9c5a7e56-b582-47e9-acec-c0bb4ea4631b', '6bdeb4f8-cdfb-4707-8361-d1d6f0daa7f6', '4ca6e529-7995-4c02-973b-727b3c34f39c', 'book-component:4ca6e529-7995-4c02-973b-727b3c34f39c', 'e80784df-653b-47bf-b7e7-bf82a03c1e75', 'book-component:e80784df-653b-47bf-b7e7-bf82a03c1e75', 'fc333dfa-61f0-4a8e-a83b-2ee05d4ac2ad', '98a5992f-0f5f-412f-9f8f-2c6521dcf0ca', 'a2787e8d-dd4b-4cbb-a6e0-ce3257b1e232', '9a5a3f3f-f4e9-4cf4-88e5-446b291dd7c5', '35dc301d-a15d-4508-ac84-8c4685bf2797', '8da9b306-eb58-4bb3-be0f-abd0a8149202', 'a73cb0e1-c937-45d3-a404-61bbd696ea2e', '3893f81c-2dfd-4685-8867-a979b7d336c7', '8c13acb2-1121-4528-8f28-e53a77bcfdcb', '4be1e38a-9c70-4025-a772-2897b6bab92b', '9a3268cb-bcd0-47a0-9f3e-46a4dc97bc26', 'd1da7c27-6b11-40b9-a7a9-82c31f50d353', 'fb9ccd2c-3601-44a5-811c-fdaa1e534a65', 'aefeee51-965a-435d-a957-eb0da81f05f6', '2dd9006b-e3f7-4cc8-960c-c25fd77036d0', '884de104-3efb-4c1c-af52-c0c8a2bdf2c3', 'e2e027e8-b22b-4e81-b730-df815180f2d3', 'd7221d53-1c80-419b-a4bf-9064e1d2d337', 'e4eeb078-4f5c-475c-93a3-d1a278516251', '1f191fe8-62ef-45f2-ba69-24171323219b', '30cf04eb-d923-440d-99ca-33133f980696', 'a8d8d9cd-c91f-434f-831c-9ac12d932541', 'ee35bff8-fc89-4c8f-ab91-8b0aca16021e', 'book-component:ee35bff8-fc89-4c8f-ab91-8b0aca16021e', '4a788443-63f3-44c4-8016-92be379331f8', '588682f3-ecc3-4097-a8a0-dce2e61567ac', '9d886410-e8e4-4db3-92b8-dafc74e4b6f5', 'c0a48066-2585-4f4e-9479-dc34c23b6aca', '07b1fd5c-8f06-4185-be2e-dd019d788c03', '8b8cf033-cf6b-49fe-8db5-4b75480614b1', 'd4b205d5-c287-473c-bfab-880fc369877a', '1a3c1d0b-435d-4f9b-86d5-05316f4b24a8', '935b9271-6d31-4ca6-b385-ec1b1db5e5b7', '91446947-e100-4574-b70f-67839a3093b4', 'db101b5a-ce96-4e2b-bc85-79145d51b2f2', '43f21526-5107-435b-8e34-59cbab3f1ee0', 'dfbe6694-aa5d-40da-b337-68f2d3f6867c', '3660a260-7769-473b-89c5-01b9c9dc9589', 'a21dde3d-6d99-4f1d-a31b-b7f842641f70', 'book-component:a21dde3d-6d99-4f1d-a31b-b7f842641f70', 'cb087eaa-4ead-4690-a40b-f7d13af4ea85', 'a326c076-a1f6-4a99-a251-49b2aca4d33f', 'b3f8bdfa-b77f-4a27-9310-1c3ac3c67cae', '69a26e24-ce01-48d7-9728-71e2be47a182', 'd337cb73-866f-454c-bfad-5bb8faae7d7d', '3a66c538-22da-48c4-a402-cb7b2f40748a', '06a646c0-3d40-4467-b70a-53ea10545688', '8560a068-9a69-4fab-91ee-8957432f5e24', '5e06c6e2-a68b-45f0-9cbb-c56ee4ed560b', 'book-component:5e06c6e2-a68b-45f0-9cbb-c56ee4ed560b', '98b25c04-03a1-424f-ac12-d9436843fa30', '636f7ce1-9025-49e4-a9a2-e42457cd9b3f', '71e00d8d-5080-4d2e-84a5-4db6c3d7c537', '823031c1-ced8-477b-9298-78b68f503728', '1d4d4443-b40b-478d-9d82-1e17d0dc43ac', 'b9da1b71-e21b-4b9f-85b4-b183820816bd', 'book-component:b9da1b71-e21b-4b9f-85b4-b183820816bd', '0772153b-7fc6-47f7-b0d0-cad9cabfbd2f', 'd7154b13-a027-4efe-9302-7c3feaddf5ac', 'ad3c0bac-7b89-4094-adc3-1d954dd255ed', 'caa4f271-717d-447c-911a-f4e37223a4b3', '35ca5f69-0a79-4bc5-b3fc-fc8f0bba5683', '1b1fe9c4-052d-4ef8-b316-22aed083932c', 'fdf5778d-33ac-42c9-b1b0-77c07a233661', 'book-component:fdf5778d-33ac-42c9-b1b0-77c07a233661', '6fe38560-8089-4439-a1f1-eb851c4c757c', 'ac075d0c-e893-4171-8d7d-0247efae67bd', '82c8b47f-077b-4c6f-a17f-c6a49379e1a7', '00877cf5-fc37-4999-bc21-cf8a48ad7085', 'e6d20458-8b20-46fd-8b4e-d48adbaaae37', '255f6ec5-922a-42d6-b94e-a04cb4a91db9', '8594e436-60fc-46c7-b5d4-2d4e265fa1f6', 'ba42c804-5be0-4f72-b29c-2a2c2b1a6dae', 'book-component:ba42c804-5be0-4f72-b29c-2a2c2b1a6dae', '7b7c4ff0-893c-4170-892e-50e4a29567f8', 'eb55f2d2-5564-4d85-85dd-f6438b6fcf5e', '32006967-2c03-4644-96fa-10afd211fb3a', '8174b1c7-0ab2-4d31-8923-1f865bca3bc6', 'b361fccc-5a04-478c-9c10-40d2f6b0c68f', '3a6dc141-3219-4f89-9ecf-473fa9a64f77', '0cc335fe-a809-4302-adc2-f2d356fb5ca5', '6389411f-60df-48c3-abf0-87f4c79fa588', '73997d67-95ea-4a43-bfd5-1282a23d4857', 'd340ea36-7ec4-478b-9481-5c7b0424917a', '0874e270-a821-4e83-b859-a4f9f4455163', '9f378e3b-1419-418e-becd-b01c57f47773', 'book-component:9f378e3b-1419-418e-becd-b01c57f47773', '3d5bfce3-82a6-4ce8-ac52-d87e935344de', '28e6ab53-d179-468c-aa4e-d53d8f99e02c', '1aa70938-37d2-4788-89f9-f3b2149a959d', 'book-component:1aa70938-37d2-4788-89f9-f3b2149a959d', 'bc7790d3-0b25-4ba0-8931-4dc154029978', 'a48c935a-313d-42c3-a317-f7c941c185b6', 'c914a110-e37d-42d6-b73c-6fe944387509', '9a90bdfd-6c66-43b3-9d3f-9b802ef33f69', '0515397f-c55b-4456-8a00-c1ebb6a67e4a', '6b0aaf97-fa8f-4375-ae6a-d08f7ef2e775', '8ef65f21-c8d3-4d90-93b9-f5fe0230e2f0', 'f0856fed-6d83-4660-91df-adaafa7b861f', 'book-component:f0856fed-6d83-4660-91df-adaafa7b861f', 'da9f5d72-7e4f-4795-9056-cce603cd8297', 'e26a3fae-e614-48f3-b809-4fcf497504f9', 'e8299980-f04b-47b7-bc7b-e3964e614a1a', '5d1013e0-0b87-4004-851f-6c122c56dbe3', '68713163-52cf-4039-bfe6-39b0030847a6', '4a217c7a-c948-4b34-a874-a1488291df9a', 'a76751bd-d015-4453-a09a-c4ba89005caf']"
7bd89fb9-0686-456e-ad43-fda403d7a245,Liesa Verscheure,['01040101'],[],['8d451675-df31-495d-bd57-aa1daeba3edc'],"['39429675-d498-47d3-81ce-39f966c96f93', '1db8735d-a2a3-4d51-920e-8ab27b1d9e0c']"
2f382fcb-a1a4-44e8-af5a-a11dc0d5f0b0,Giada Lalli,"['01020401', '01020501', '01020502', '02060103', '03020208']",['f0d51d78-007d-4dff-bca6-a3bd5699d90b'],['03313f06-3241-49b2-9883-05f1c5211b14'],[]
8be9e976-a59c-45bf-9dac-4c9f6cfa7c7b,Thomas Willemse,"['020101', '020102', '060401', '060402', '060403']",[],['fb14da26-4419-420c-9289-738f31f22851'],[]
a8ab78f7-e6f9-4568-b382-3dea103e4743,Stefaan Ribbens,"['049999', '010601', '040201', '040299']",[],['b376b6b0-1f7b-48d7-b564-7f2536cefd40'],"['00338a0b-f702-4c0a-836c-7ac5e22622c0', '907076ee-a319-4e95-b106-d75adaec9ba0', 'd3f1d197-a433-4db7-995d-87d3cde461d3', '939df86f-7cf9-4ffa-b0b4-fcede98f4568', 'f4bb1dfc-0ef9-42f7-bcf3-cc5c631426ec', '8d5303df-6975-46c9-bc6d-241a9fd1c718', '61f4d6c2-3a23-46f0-aa34-185e847c94fd', '2d2bf09e-3064-4b02-b1f1-dcdb533d22d3', '7c619349-d4b2-431f-90d5-602faaf66995', '9afb49ef-5949-4283-8741-f8aef2bfd247', '9726e62e-1bc2-448d-a6c9-62a74f48b099', 'book-component:9726e62e-1bc2-448d-a6c9-62a74f48b099', '90221502-0c1e-4fc3-8876-6efdd3cabc0b', 'book-component:90221502-0c1e-4fc3-8876-6efdd3cabc0b', 'b62c7731-6477-41c1-9a77-346320cdaf2d', 'c8cf92bd-4803-4ee9-9600-6c4f93ee5d7c', 'd5968eeb-0564-4ea0-bd21-49ca43621c9e', '49c0821f-ece1-4d02-b3e0-bb28cba1a6e9', 'bf063abc-13ff-4734-ba78-c46ff6e755ec', '831b60a3-a0fd-4899-a49b-49c46bf321cd', 'f1a7ba30-fc44-45cc-944f-c0bef8c9a058', 'book-component:f1a7ba30-fc44-45cc-944f-c0bef8c9a058', '8aa3d168-0573-4944-8f8d-a2a8dc8ae231', 'e656fc34-9660-4f4d-a6e2-1ee8398b12c1', 'ba6f967d-fc24-4d00-8de7-0909c74b8ecc', 'book-component:ba6f967d-fc24-4d00-8de7-0909c74b8ecc', '3f3bb6a0-1f66-44b1-83b0-30d0b3484048', '13fc4377-4dc7-4d06-911b-5a091deb9dc9', '7bb797e2-477d-4d00-a998-3057dd424f34', 'a447900e-af93-40a8-9a49-91a540292b3d', '8f43ae0c-993e-4229-9716-f6f256ef2755', 'bf98d94a-2fb9-4b16-91d7-6f215fa3cab1', 'book-component:bf98d94a-2fb9-4b16-91d7-6f215fa3cab1', 'b0031af8-e238-4dfc-89ac-12b09a5887bd', 'bfcc9d2d-606d-4544-a18c-7ef0791bfa9c', 'f3c0ce76-2ed0-4e2e-80a0-677005c23750', 'b8e3d5e3-31fe-4670-b889-b319e7d08f6e', 'book-component:b8e3d5e3-31fe-4670-b889-b319e7d08f6e', '81e9dd71-bd8d-431b-804f-e17859bf44f5', 'book-component:81e9dd71-bd8d-431b-804f-e17859bf44f5', 'e729cb10-9dc1-4037-a059-2ab9e7b3323c', '5432877a-a7b0-4c18-9285-9e6881a9cecc', '92221340-6e2c-4c64-9be2-f4d4985b474c', 'book-component:92221340-6e2c-4c64-9be2-f4d4985b474c', 'e444e906-b4d1-4419-a6fb-c019e05a01cb', '7c16953f-3ea3-4fb3-be9b-5ecbd9b963e2', '627f2eba-f46c-486d-a448-974a6f94a844', 'book-component:627f2eba-f46c-486d-a448-974a6f94a844', 'b8e739cd-58c8-4c9c-9803-c8b750558a73', 'fcdd8e62-3e4f-45bd-837d-5b464463935e', '80b174d5-da3d-46df-a0f4-f40db6d65892', '399c702f-e941-4fb8-8d69-7f25be937c65', '536908d0-0c9e-4f6c-a8aa-0e0e105fed0d', 'book-component:536908d0-0c9e-4f6c-a8aa-0e0e105fed0d']"
1975bbef-d3a6-4846-bc5a-56755f16b173,Bruno Yammine,"['06010408', '06010414', '06010415', '06010417']",[],['686cf9b5-adbf-4046-9361-c41438aff052'],[]
38cc0c2d-a298-460a-8fd9-c0348bff7238,Ellen GOOVAERTS,['03040599'],[],"['172ee4c2-42bc-4e59-93f2-91f28a162f2a', 'b4b0de57-795f-464c-8fb7-77ca0e391ae4']",[]
d039098a-fc6b-4a3f-a4e5-f3b9f31267b1,Goele Magchiels,"['01030408', '01030602', '02050404']",['1aa5c618-00f8-4282-885e-9c3420ef8316'],['70badac7-5952-408e-bb60-371dcf53058c'],[]
396fdce4-766d-4b45-a42d-6aebc2975227,Viola Darmawan,['05020201'],['aedd2fa3-0db4-4425-bb23-785ecb14f26c'],['fd34a10e-71f6-4db9-acc0-238983fdb834'],[]
da7ef0c4-3174-4050-8ed0-fb38d10fe0cc,Natalia Andrea Navarrete Alzate,[],[],['22358ad3-f0c0-4e35-88ca-7350f696036a'],"['f4bf916c-263f-4fab-b835-593fa467fd9d', 'book-component:f4bf916c-263f-4fab-b835-593fa467fd9d']"
a59ae17f-81db-47dc-8fa5-0c830cd5eb3d,Timothy Van Bremen,"['01020103', '01020104', '01020804']",[],['e382b918-2e4f-4949-81b5-16433d5e57b1'],"['cacc1ab3-1a22-4d4b-8b97-78edda680444', '189b0b8b-9c9f-497a-b25e-54fc135e9184', '6ab553e9-0999-42fb-8411-4ea2ad64c2f0', 'book-component:6ab553e9-0999-42fb-8411-4ea2ad64c2f0']"
2f64e3c6-d479-4e50-908f-78b9371d5648,Pieterjan Schepens,[],[],['a671e3b0-92f5-48a4-add8-08f515c88bb7'],[]
6c0c3a39-9d82-497a-9052-66b2e325bb14,Anne Dompas,[],[],['8de8fb5d-54c2-4911-b13f-9cb35721d086'],['c613cb33-536b-481e-ab31-5456f6c6c482']
f73ec61b-220d-4e49-87ca-a63c706a23e7,Sepide Ahsani,['02030306'],[],['5f3f66cc-4003-4831-9855-1a9db80e799b'],"['d1514355-184a-432e-b946-3f06abf977b7', '00a0b6dc-e3d4-453e-a285-58fe51f21ed8', '4aca737b-9dea-41a1-9832-cf6f49b52181', 'book-component:4aca737b-9dea-41a1-9832-cf6f49b52181', 'ebd5c6bb-6f82-4a87-bb4b-7bcba05682e1', 'book-component:ebd5c6bb-6f82-4a87-bb4b-7bcba05682e1', 'eab13874-ca03-4667-b64a-7a7eb7668283', 'fa7e08f0-be55-4afe-aace-0e14cb9f78e7', 'book-component:fa7e08f0-be55-4afe-aace-0e14cb9f78e7']"
9a900ec8-bdbf-44d3-b182-f93171884903,Pedro Elias Marques,"['03011406', '03011407', '03012101', '03012104', '03012202', '03021002', '03013006']","['d78176e1-701d-4aaf-be3b-59c033780282', 'c6457328-113e-4eca-8ab5-e630602da95d', '90701405-7511-4b58-a3bb-2131ad3b5d95', '918ff0d5-6f72-41fc-b58a-9b71fcce4062', '19fdf9d9-124f-4504-b8ef-6b187cf7b955', '16c1c4df-22ef-4bed-b96d-09b6839fee19', '10c045a3-5eea-4e71-85d9-01f5d951c935', '083979c5-39af-47e1-a7dc-4100d5e80046', 'cddcdcc2-557d-4180-ae04-4d8268c955f0']","['fbabee48-ea2a-4dab-8fe6-a29237ca6ded', '6c6efce1-eb2c-4180-b611-38fde440937a']","['8410f3ab-fba3-47bd-9f72-3749fdbe917e', 'b016c20e-2d82-4d04-bf52-ad32183423ad', '94c5a92d-6ade-4d4a-9f5c-c748b56b48f7', '096de4c5-992a-460e-b5ff-f86a90f45f82', 'c9c91025-e9f4-414c-ad09-6be26ef05611', 'fb64ef16-92f2-454d-bcc7-276035350812', 'c9445c9e-5b81-4e64-84c0-515c8fca5965', 'e773c29c-84e1-4813-a0b0-56ab8d1ac48c', 'c354127b-8ec2-4594-a16c-966809ae3a0b']"
93036702-872b-4214-a420-c332aaa21088,Frederik Van Meulder,[],[],['1a11d77a-b37c-4555-a71f-6200b07c7bc4'],['925748b6-8b51-4fd0-bd1c-a8116ce32c96']
678f1bb6-dc26-41bc-b90e-e7b8081aa211,Tom Kaiser,"['01010107', '01010601']",[],['252fe80f-c8b6-4cac-bb7c-a761a093fe66'],"['7b715e7c-1fab-4b7e-a73d-25e824563f92', '0dbd6c79-f433-4241-b637-24f69e238bbe', 'fdd44b77-b8d5-4921-a7d3-bd552a3fc607', 'f84bec40-7b8f-4463-9778-b67dcffa7243']"
380e64a4-b72e-4e4a-94c7-a44d10dbea8f,Lore Derumeaux,"['05020602', '05020604', '05020616']",['3ad12728-1b34-41d1-8459-1518f986efb6'],['1955a1e3-72a5-4cdc-b3b3-704c1a8f4cc1'],[]
0b65852e-0fbe-4a31-9f59-0e8abb45eeb3,Milan Vansevenant,[],[],['5cfe627e-c20f-4242-904d-13bc2ef1723b'],[]
8cbd7055-5ce7-408e-bfed-695ee4e2b607,Sylvie Peeters,"['040103', '050801', '050899', '050805', '050803', '040102', '040101', '040199']",[],"['6ffe0667-7c6c-423e-be8f-b0d2bfb3d29e', '46fd437d-3a41-44b1-8cf1-4d18867b689e', '648faf73-2ffa-49cd-aca4-d36dcb1ee18c']",[]
a0480cb8-296d-475c-949d-b8adf13e0cd5,Moira De Graef,"['06010403', '06020310']",[],['0d18a3a1-730a-41d1-a3b1-9de3e5dc4cbf'],[]
0f9f74fb-e03c-4580-a354-701bcc95f058,Ester Aragonés Alberich,[],['bc5e7894-b94c-4387-82b2-b0981b1b944e'],"['b2e4f3b8-42d2-46f6-990b-b319460b2155', 'b573b472-39ec-4615-b0c1-4bd169f5a30f']",['43377610-e38b-4506-853b-7ff080edcb3d']
854164c3-4442-4cf0-ac28-19ae419e5197,Francesco Del Prato,['05020108'],['6932b25e-33b7-4d38-bd37-c32be7304e55'],['3dd392e3-83a7-4331-b591-a41b5f32266c'],[]
317dc128-5314-4b74-8dd1-c22ce3c8d1c9,Vital Claeys,['07000000'],[],['6b75d431-a856-4f98-8bb3-e6d36fc69666'],[]
01b0fe0f-5665-4f86-911c-a66d2ab6c3e7,John Vaughan-Hirsch,['01061004'],[],['9b5a1fad-ec01-4e6f-a258-f32759457dfb'],"['c932cd99-f564-4027-8bd3-2e6e049f1a76', 'e7ce0bba-cf7c-496a-93f6-fae1ddb18613']"
4da1eb4e-b2bf-4fc3-a888-1e02d22f9e6e,Katrijn Everaert,['01030404'],[],['3b9b4691-0fd0-4fbc-aa3d-3f88e560336b'],[]
5827b966-baa8-49a8-a267-19456ffd431b,Christos Theodoropoulos,"['01020104', '01020105']",['7d70096d-44aa-4797-8428-9db50aca871a'],['2285c2e6-4227-4cc5-8814-3e7e5ba542c0'],[]
38a4c3cd-9419-44c8-af13-6d865daa0c73,Federico Garbuglia,"['01020104', '02020599']",[],['16a28d37-6005-49e4-be1b-46b8c76f6640'],"['36d1745f-0ca7-48ff-940f-502ea174152c', 'book-component:36d1745f-0ca7-48ff-940f-502ea174152c']"
94c2910c-96ae-4851-aeba-2ba0949e61f2,ERROR,ERROR,ERROR,ERROR,ERROR
4df04566-ebd8-4f00-a759-f5821c4bbfb1,Nuray Bögürcü-Seidel,"['03012401', '03062401']",[],['962d7ccc-5e1e-4855-8908-3d988704a0af'],[]
312d986c-f18b-456b-8a48-9718c838109f,Lien Vossaert,"['050102', '050206']",[],"['df160d43-37c9-4ae0-87e9-86752754942a', '0a874128-d82d-4f0c-b623-6ae5118bf3d8']","['cffc43d3-e027-4b1d-8545-469e9b3127eb', 'f4f64cb1-2e9f-4798-9e47-e13552c03741', '18a6f25a-04a5-4641-bce2-d5ec205fbc4d']"
ccd6e67a-c0af-45ac-9b1d-ff7495582c2e,Jelle Lanting,['02030104'],[],['5f3f66cc-4003-4831-9855-1a9db80e799b'],[]
1ce1c23c-29e7-4570-9c32-a187980be5da,Maretha DREYER,['06049999'],[],"['4dffae80-2e03-4c18-83d8-8ff25914202d', '3f30ccba-e6a7-4402-a535-58b96260658f', '5bbb597e-bb7c-4172-b8f0-6007553c8d0f']",[]
e1fe35b4-f93f-4c41-ae67-374d2544c758,Jared Houghtaling,"['02020502', '02060103', '02060104']",['b44af9f1-75ae-4347-a809-6c5a89975579'],"['34626744-cf82-4222-ba7a-2a7d48fb9bad', '768b5724-dae3-4a6d-96fb-8dab4e108494']","['48657ca9-899a-4789-af24-e430f7237493', '79054d54-6e39-457e-b0fd-1226e3a18024', 'db9bbaf0-fe55-4df1-ae25-944975c00f39', 'e0fc0c7a-2be2-4b30-b945-7a4e40808f4a']"
2c5f1d24-7651-46f9-a466-133a1646fba6,Brecht Tomme,"['02050602', '02059902']",[],['0016eb38-4374-4747-a43f-c408af2c2d70'],[]
abb01712-5137-4033-be4c-cb696cd790fc,Arianna Mersanne,['03062901'],['91ef4d38-61ed-4357-b303-bfcd29e92741'],['f86ab9e1-574c-4521-a6c1-e10d77a2e495'],[]
c6cd2474-d3c9-44b2-a3a7-9985e5f56776,Julie Domen,['03030309'],[],['f98fa28e-999d-4f18-8421-98a71d3e1f4a'],"['9fea081c-0095-40a5-9055-7ef2d9d582da', '16398c2b-2051-48dd-99e9-8ed6a16b51b7']"
f104a5fb-cb48-4a54-ba29-7b6e4aa4c900,Stijn ROOSE,"['03040599', '03012602', '03022602', '03040504']",[],"['172ee4c2-42bc-4e59-93f2-91f28a162f2a', 'b4b0de57-795f-464c-8fb7-77ca0e391ae4', '07fce545-f735-4a6b-9b40-02814a257bca']",[]
7be4510b-6b5b-4ae6-82ff-8e7586db4736,Peter Maenhout,['04010308'],['dbd3416a-ebc0-4cf2-b1f0-d8d94e61c18e'],['87ee97ad-44b1-4145-87f7-70d33a2c6c13'],"['ca77bf80-bdc7-4fea-8d6b-04241808ec5e', 'd3d8d3c0-3e6c-4456-ad92-b837de3f4ae6']"
9f3af23b-a88d-407b-9e12-21dcdae6fb9f,Thomas Decorte,"['05020201', '05020616']",['74b4de67-0eaa-4f51-9c1a-b4f3f608c898'],['86f8abb8-b972-41fd-9a1e-37758cfd4d06'],[]
3869eb85-4ab1-466a-b62c-b520a12ed44f,ERROR,ERROR,ERROR,ERROR,ERROR
6c08b835-a18e-40cf-b414-86f7696fe669,Kelly Wittemans,['02990103'],[],['f74d3c9c-2f54-4b95-9b41-61afcfe2a878'],[]
91e32522-ca61-4c49-b872-b247ec82c41f,Jonathan Van Beek,"['02990103', '04010801', '01050607', '02080403', '02990105', '01020905', '02990104', '04010299']","['d0e89663-eaa1-4c4e-a28a-889bbe805208', '6ea696a5-9716-4464-a3c1-cc2e467e4ec9', '4de5cd8e-4c05-4380-97fc-8a73f259a1af']",['1a11d77a-b37c-4555-a71f-6200b07c7bc4'],[]
e270d3c2-10e5-4eae-a866-9dfa336de93b,Jonas De Kerf,['05020604'],['8bee680d-6e66-4955-993a-5917e1a8c33f'],['1955a1e3-72a5-4cdc-b3b3-704c1a8f4cc1'],[]
186df6b5-fdfd-441c-887e-127ff09c6ca0,Wim Verlinde,['02050501'],['9875d18a-05b4-4130-8ed2-fcf561798757'],['205d5301-1746-4b8b-a8d0-f55483abb1a1'],[]
5cdf6bb8-f125-4a62-bb99-b6d6f5721a58,Enrico Miglietta,['06040299'],[],['26472cb7-8b0d-49f4-8b25-a5b75d37a4c0'],[]
c66651c4-3301-4f9a-82cc-2a13dff8fc4c,Inge Verdurmen,[],[],['8de8fb5d-54c2-4911-b13f-9cb35721d086'],"['06666ff3-3606-4b79-b71a-668c95342157', 'book-component:06666ff3-3606-4b79-b71a-668c95342157', 'f0ad7a57-e69d-461c-a267-ec264107db2d', 'a8335ac1-8787-4a37-9fe8-8ebe341348bb', 'book-component:a8335ac1-8787-4a37-9fe8-8ebe341348bb', 'ee59d802-8389-4c2e-a341-f75558bba5e5', '022af430-d176-4857-b703-60d66502165e', 'book-component:022af430-d176-4857-b703-60d66502165e', '42cd8300-d4f6-4f7f-8282-6266c3e89a28', 'bfbba88d-e7c3-463c-97ac-1345ace4a993', 'book-component:bfbba88d-e7c3-463c-97ac-1345ace4a993', 'e96dc032-8a7d-403b-b750-60866524fd7d', '2e3da415-d9f1-4efc-9dda-0840a526e784', 'book-component:2e3da415-d9f1-4efc-9dda-0840a526e784', '59460ac6-c69a-4e50-9791-cbe310b7526a', 'book-component:59460ac6-c69a-4e50-9791-cbe310b7526a', '41b3600d-af57-46e8-a564-bf47b421a36b', 'b3a1e3bf-271a-4c2d-b5e7-7796848aaeb2', '31c12ab8-d264-406a-b062-73b4ce762f06', 'c52ecd82-fc9e-4faa-a2b2-a4b4e3e72611', '735f1e89-fa94-48e7-a31f-3486157008e0', '1306a368-7987-4fa2-97e6-bf9c257ed950', '21d4daf2-88b3-4911-b500-2205e55e0d9d', '75633eaa-4816-4409-97e5-f2984844f66a', '531240b0-fed7-4f41-922c-347774b9aa7c', 'ea976410-9c81-4d13-876b-1e7b9985b9de', '77c7a8ab-0c30-4fe3-a4e9-d28cb70ca0be', 'ad8cf7cf-f369-4d69-a6ac-2fd68a1b33e4', '09f69381-0458-4648-8c79-9d7b3909dee0', 'b320832e-8999-4323-a589-5757a6882cbb', 'fbacd278-b5d8-4c58-b8d4-a1ea945f17db', '583dbb79-caac-46e8-a0db-1df9e6e4a8fa', '44ff7426-8508-490a-b6ac-4f8381c9dcd3']"
b7252e3a-8971-4884-95ed-1e96807e3397,Jente Bontinck,['03040502'],[],['7b13fdb2-2b15-44d6-9987-8c1c6c6bd781'],[]
19a6e860-883a-48eb-968b-158fa2fd9a14,Sanne Helsen,"['010601', '010603', '010604', '010605', '010606', '010607', '010608', '010609', '010610', '010611', '010699', '019999']",['e5032f2e-88ee-4e64-acf8-bc58a230226b'],['c72f0380-d86a-4318-904b-cba8e1523cce'],"['c9c9b6cc-0ed9-4ac7-adf1-f7be4d2caefd', '9280a580-fdf8-40d2-9315-f89b3af56a16', '02f6172b-ec8d-4ef3-9c32-5b01e4f90231', 'e738ac45-c63a-4df4-b91b-2261758e8aeb']"
985e516a-5a3a-4c73-9f63-dfd11f41ce53,Luna De Sutter,"['03012405', '03023406']",[],['f562c661-7a3b-4393-99f6-11c59cf386a9'],[]
274d2821-147a-48c7-b0df-070ae74e9810,Henri GRUWEZ,['03019999'],['34bb2323-cf25-4896-9c88-2bccccc27ee7'],"['690494f8-6e0e-41c9-8bd9-b1e465697391', '3b709228-3baf-4279-b1b9-a51bae9b17b2', '9f410d8a-6f77-4f8f-9d0a-c57f17168b01', 'eb6b8bd9-cbd1-4155-835f-93816dc4ca58']",[]
e991be55-b2a1-4587-8aae-4d1685b77760,Kim Mignon,"['03061403', '03061409']",[],['2975cb25-a687-4800-8113-c924c1b5d363'],[]
6d72e6f1-4c8b-4b55-b919-2198ed6beb6f,Ana Martin Calvo,[],[],['ee7af0ca-408e-4144-85cc-85e5a9eec2ec'],[]
08e3b493-3c73-4df8-b17b-37208827e2b3,Elisa ROSENTHAL,['05059999'],[],"['0a8a53f5-7c25-4c49-b62f-1160c5953cb0', '0b79ad9d-9e60-4715-a9b1-22994d105576']",[]
929e7025-23c8-4e96-acb9-37cad8dfe94c,Ejlal Shahriari,['02020802'],['11e65caa-56fa-4b4b-bad4-05325a353221'],"['d8603589-e4d9-4f51-9993-b6b2cce718d3', '60284a3c-23fe-466e-a15d-7d619a5fe37a']",[]
3ce5a512-a9ac-4839-9cf6-98b5b5f7b927,Emre bayamlıoğlu,"['05050212', '05050213']",[],['ca657460-5779-433f-9a19-ff6813deec8e'],[]
b26c0fa9-2c70-4e49-b808-0b5182e6a9d7,Samaneh Hashemikia,"['02050102', '02050301', '02050101', '02050403', '02050699', '02059902']",[],['0016eb38-4374-4747-a43f-c408af2c2d70'],[]
ad0a9425-9a02-4dc2-91f9-d6d465eab79b,Hans Robben,['07000000'],['5cb804c9-cb3c-4cd9-a783-9522944c58f8'],['59108103-d60b-4f87-bdac-d348df869902'],[]
cbf9deb0-5198-4f8d-a72b-029378eb016b,Marianne Buyle,[],[],['8de8fb5d-54c2-4911-b13f-9cb35721d086'],"['7f1e8937-adc1-4ea9-989c-4b0193ef1b7b', 'be3251f0-ebf2-4bb4-ac7b-961728243b83', '87e30634-9140-4d9e-a3ab-4f3208eaa214', '63dcc7fa-c102-4411-a97e-7c8122a7f531', 'cab72a8b-a934-4b1a-92fa-606b3d7f84c7', 'book-component:cab72a8b-a934-4b1a-92fa-606b3d7f84c7', '5290e2b5-985a-4717-9a1c-b5753677d2b8', '051cbf4a-b6a0-490e-9fae-9d1933179a9a', 'book-component:051cbf4a-b6a0-490e-9fae-9d1933179a9a', '2942e31b-1baf-4e0b-bbb7-7ee952eba80a', '87c54e62-1f19-444d-b8ba-80045824abfc', 'book-component:87c54e62-1f19-444d-b8ba-80045824abfc', '78dc4dc8-7eb1-42ac-8021-7c1d39c274b1', 'cf22841c-1088-4550-b206-d2ca75de5d24', 'a11370f4-24af-417b-b72a-5012e3a0235f', '04dac9d6-ac0a-4432-852d-a7ae66185416', '0a1608d4-404f-4a0d-8b1d-42004a91e102', 'book-component:0a1608d4-404f-4a0d-8b1d-42004a91e102', 'ac133dc3-feed-4718-8453-4e4a9c4f084d', '76a73ab9-7abe-4d93-a2eb-494819463014', 'fa15a92e-2012-49b3-9dbf-aa18bda776ef', 'a5a02ba8-e3e1-4386-b211-0294b7df9772', '9a7dec63-99e8-4f04-b127-aa52b4959747', '421bcb14-f163-4941-bca3-b8c7efee182d', 'book-component:421bcb14-f163-4941-bca3-b8c7efee182d', '07e4139c-2445-4b60-9303-a2e812de754c', 'book-component:07e4139c-2445-4b60-9303-a2e812de754c', '33b78575-bcd8-4e9d-817d-a0badd0b8e64', 'book-component:33b78575-bcd8-4e9d-817d-a0badd0b8e64', '5eb29017-4320-4eb3-ada8-bc457dccf520', 'book-component:5eb29017-4320-4eb3-ada8-bc457dccf520', '1f6d30da-572d-468d-bfa9-c84338a66536', 'book-component:1f6d30da-572d-468d-bfa9-c84338a66536', 'f507443b-31db-4add-b92d-90b579c4840e', '3deb3f4e-a6cd-4130-9cea-d658494452ad', '0f714392-1ca6-4fa4-bfbd-77af3ba9c591', '90203caf-49c7-45d3-be2e-910d2f01d5d2', 'b8dd0ddc-7037-40b5-a001-e3fb8c7a5832', 'aeb4f801-7ebc-431e-b2d7-366c864c7cd3', 'c67fdb78-a823-4294-9df7-23708e9069d1', '5551a0ef-660b-4b5f-9f87-92f85feb4cca', '38b7341e-22a2-4789-8a08-e5d8aa205f63', '8a6bf9ae-396f-4f4e-ae44-f0f09c51148a', 'b5a9728c-16c7-491a-b02f-a843148fdfee', '0cdad6bb-b4b2-4d92-99f1-13c312fd625a', 'ac939d81-5921-43e5-9795-a18e7681e2c1']"
9774ae5e-1afc-4383-97fc-242384ce6582,Meryam El Hajjioui,[],[],['988f4aac-a64c-428c-8738-3b250031520d'],[]
988e8229-bc41-4989-9a47-f986a01b30dd,Martijn BOLLEN,"['01069999', '01010703', '01060404', '01060412']",['87b820c1-442b-4348-87f7-34845e571c5e'],"['3d3e3cc9-0f76-41d9-9d03-d6cca2fb3b76', '60e1f554-1c7c-43cb-a94e-0a2f867bb3be', 'e86a9fc3-da2b-4f6b-8c28-88ec0d42ba69', 'e6cc2bcd-21a4-4266-b8f5-c74bed27478c']",[]
53157545-b57b-45c0-a3be-85c485e3f528,Bram Vandekerckhove,['02060302'],[],['139a6099-d605-4adc-8aea-f16604081f68'],"['20844bd1-0298-48a0-8f76-e9d0eada46c8', '3aed38de-7598-4057-af45-ec1a4b33bb9e']"
c8141ae3-08a2-4025-a43e-b08544822596,Bjarne Brié,"['01020104', '05020607']",['cd51dcdc-2929-4a31-ae43-85efc0c2f1d0'],['fd34a10e-71f6-4db9-acc0-238983fdb834'],[]
b3a850d9-9548-45d2-9a63-a9dcb7854cf2,Nick Dewaele,['01010701'],['acd17800-2718-40a3-8cbb-0aa118062555'],['252fe80f-c8b6-4cac-bb7c-a761a093fe66'],[]
8ee0f3bc-de3c-49fa-896e-84da33901301,Janne Bemelmans,"['04010308', '05020101', '05020107', '05060399']",['140a50eb-1adb-4acc-a734-ea06307c739b'],"['a4fa9f04-7458-4b0b-bbce-f184b253499d', '224b3dd3-2e8d-4b66-b6a9-27bd1014e442']",[]
00631827-e770-4481-b1d4-b71a44eaf302,Wouter Demeester,"['02070207', '02070206', '01060312']",['e579fcde-584e-4ba8-9398-93ca338ec684'],['ce1ce9f0-d2d4-4e62-9383-98393355ddf9'],[]
f72dadcb-58d9-4ead-a698-ce602a851163,Sarah Delcourt,"['05010201', '05010202', '05010803', '05011002']",['6e95ad88-81a3-4ca3-b03c-e7c09a61a134'],['2dd85e01-73fe-4e51-b38b-bd729d4a251f'],[]
23344b52-607b-4d01-bfe0-c0a62177f089,Thomas De Kerf,['01020902'],[],['829349db-e58d-489b-a5c6-31ac55408f79'],[]
a8a82a11-844f-418c-b483-2fbace964a8f,SeyedFarhad Aghili,['01020204'],[],['f56b5775-7c6a-4d0f-96fd-09d6f515ab60'],[]
99639826-218b-406e-a15f-9487afb023a3,Maarten Schelles,"['02020404', '02020702', '02020901', '02060102', '03062306']",['1d98f9bd-22dd-4a75-9f40-6cd6535ea51b'],['ab3545a5-11ef-4067-84dd-9cb5ddc3b2ea'],[]
a338f822-8005-4786-8332-47f9d6ba4d10,Matteo Giletta,"['05010606', '05010699', '05010306', '05010399']","['8f68bba7-4c14-4f05-af05-3caa70371827', 'defd7831-0500-43ba-b204-78b6c3ab8ddc']",['1e4463b9-dcf0-489a-9756-02f5e4c50f2c'],[]
c3c29435-3da1-4954-aaaf-11c9ef9b99f1,Xudong Zhao,"['02020603', '02020606']",[],['f2406cda-0683-427d-8217-e1071d3a5e3c'],"['249732b4-8632-4d50-9466-08fcdf683369', 'ba231c70-622a-4650-beaf-e5249d6fb0da']"
dd8f93a2-a45c-416f-bd74-9ccd2d3da28a,Nico Staring,"['06010104', '06010115', '06010119']",[],['98a16771-8925-4a6b-b36c-04673978c5df'],[]
1977a7cb-2284-4289-abeb-f6fe377f2c50,Phan Thanh Tung,['05020202'],['3e950134-569a-4377-a862-cc2d068f3dcb'],['823e6d74-48dc-4c11-9643-e10b1563091e'],[]
cf19f7db-57b8-4e07-87f4-76d1ecf62746,Ilia Goemaere,['03021403'],[],['03bd77e2-bef0-46bc-9e50-271d552f8d91'],[]
f5f24420-ebc5-4cde-b914-6fd97c323ea3,Arne Ramisch,"['01050304', '01050311', '01050602', '01050605', '01050606']",[],['d2e34abd-0ec5-4fe1-9dba-121d5f0a4809'],"['092d5246-97b8-4212-94ba-19e980530427', '677afe66-8189-4269-8ca0-b96d9b3e7dda']"
3d7d94b9-c614-4384-a2c2-47f9c5be85ba,Livin MOSHA,['06049999'],[],"['4dffae80-2e03-4c18-83d8-8ff25914202d', '3f30ccba-e6a7-4402-a535-58b96260658f', '5bbb597e-bb7c-4172-b8f0-6007553c8d0f']","['6f16d30a-7ef9-453c-bd5d-1c5915802fcc', '64b45de5-24e2-48bd-bf5d-213fe42df0f2']"
d7455a9d-4742-408b-9dd5-4c3c97f70f33,Hamza KHAN,"['01020102', '01020501', '01020505', '02080403', '03010207', '03020202', '03020207', '05010503']",[],"['56b4c9d8-bca1-4b25-abc5-9b761eeb6e0a', 'f15720f8-954e-4fbe-9e9a-c3573427e5b5', 'abc3b4af-05a2-4b41-91fb-7c1a5a781010', 'eb6b8bd9-cbd1-4155-835f-93816dc4ca58']",[]
e6670d53-fae2-4c5c-a776-216c6e943e42,Hendrik Larmuseau,"['050402', '050404', '050406', '050407', '050408', '050410', '050499']",[],['03e1e515-5040-4391-9030-3d4e1007ee10'],"['925c6d0a-497b-49b6-8382-aa1cfca28a4f', 'book-component:925c6d0a-497b-49b6-8382-aa1cfca28a4f', 'e528924a-e898-4dea-8390-098071cd9d74', 'e0e5fc71-aef4-45b5-8d2f-874d72b8d32b', '9d8c2165-3cc0-4128-940a-520d8b6b6f3e', '2574f32e-fee0-4dbf-89be-98380f57fc7f', '6a81ee96-bb63-4f09-b564-856b7d41d4b2', 'acb91a2a-9ff9-4170-bf88-49a2c84c97cf']"
20f05990-00eb-4545-97a4-839eba6071be,Sibylle De Sadeleer,[],[],['8de8fb5d-54c2-4911-b13f-9cb35721d086'],['b5b23f34-d461-494b-a956-1acdf6490127']
7b7d10c1-8634-4cf1-8b70-cbed1e0a7208,Koert David,[],[],['8de8fb5d-54c2-4911-b13f-9cb35721d086'],['ee77e4d5-09b1-4494-909f-1ff7cc788bfe']
4943817c-84e2-4d93-b3fc-4c4445ffef7a,Almer Gungor,['05030111'],['ac727af9-163f-4478-81a3-2f6d387b3e88'],['52f1ce77-d37d-424d-8dee-7e938027d441'],[]
520f25c6-1a9e-482c-bdba-7c2d4ec3aea2,Dieter Nuytten,[],[],['8de8fb5d-54c2-4911-b13f-9cb35721d086'],"['2c696294-70fe-4635-8514-d125da15ed19', 'dab1bec3-4eb9-4d3f-a71b-06e4712e79f0', '9d23db39-dc03-44a2-a14f-fd9bab78c782', '635f42d5-9ef1-4ba9-8363-d0aa2ffc9ff2', '74708221-a040-4554-a23a-0fd628f997a1', 'efb55d3e-28ea-4f25-9261-483eff80cdbf', 'book-component:efb55d3e-28ea-4f25-9261-483eff80cdbf', 'aeb5a371-868e-4dc4-b206-361c2b4f5c58', 'ce58f552-7c67-4d3b-b86d-b6f4f3fb02fd', 'feab15c8-7a31-4c37-b787-21919b9944d2', '6f79d7f0-acfd-45fe-b2ab-8570a79d4d7a', 'f568e2dd-ded6-497a-93e9-cae5d678dd62', '9e42227b-dd92-4295-b000-29ffcdaa4427', '8b3c7182-3225-4c79-9ccd-5beab46d5bfb', '5f3e5df3-c45f-4f24-98b7-2508fa1569d9', 'a824c84f-1d1f-4289-a037-1f5972aee12a', 'b808d2fd-fac8-48a3-bdec-8334ece53bff', 'd5b13cce-3688-4af5-8568-7b41e9a285ae', '6897b0fc-89e9-4ea3-a668-2aa3c21828f9', '157e4944-1231-4d0c-8ace-2ecaebce2700', '526d22c2-20c8-4477-a8bc-a872e3d90619']"
8d53c8ce-a066-455c-a5fc-848ac948e95a,Luc Régal,"['010602', '030117', '030617']",['90c8c747-f15d-4a41-b7fc-c7ef3329aed4'],['38900cc8-0817-4b40-bebb-c0d4abdfb5e6'],"['afbb1804-81f7-432a-8332-e04a2f827e80', '1cc253e5-4ede-4bbf-8f3b-c9ae3b4fced0', '7a7f35db-b348-448d-82ab-5e590bf57642', '47aaec61-1552-48fe-826c-033576e9c3be', 'a3fa36b0-6a14-4ba4-8f58-8d981bd7060c', '738a3453-e2df-487d-aa40-238c9f8a66ac', '1ed050e8-e051-49e1-abe3-449937e17dec', '0057fdcc-cf2f-4745-86a9-cfd3ff7183d7', '0314c24d-222b-4fa8-970a-bac5847b8b59', '529d5251-0ade-49d1-8856-615024fe9ba1', 'a34bf84e-1972-458d-8be1-0740de8dd64b', 'c11bb0fc-f27f-43d5-8e8b-91afb01384bb', 'ed42d490-4154-4a08-90cf-1eaef0f477ec', 'bc60afcf-9e84-4240-b962-1d6cd5cd572b', '5590dab3-afb0-46f4-a385-d7b9561116b0', '68496736-4dde-4b99-a659-998321bef901', '2f14b471-94d8-45c8-8cb8-aed5b27198ba', '55be179c-ebdf-4d0a-b883-23281f3996e2', 'c6086193-6328-432a-8062-fa8ebdbf481d', '0b264df8-16c0-46ee-9e53-f66ace2bde8b', '71e48b06-c3e2-442a-a880-86202f48d388', 'bd1187cd-16ea-478f-8467-0ef41b858105', 'cfabc4aa-e479-4552-956c-a630eeba3297', '6fdaab05-ef52-444d-9fd1-bfa75e84c49c', '0a65627d-2186-4a8a-a58e-c2a26cfc7131', '55803f0c-d744-4e84-85f3-d8624378a533', 'a988bcfb-5416-4f3c-9570-f3128e4df25c', '46b649cb-bf09-4f8c-9f9f-fb636d351529', '038556d4-62e6-4f8a-860a-f87abc370553', '542e45f8-d79a-498b-81e2-5815ba28e809', 'dd409b28-4474-49b9-b505-747cb6b3f6bc', 'bd42a977-3ae1-48ec-8ac6-4894769f2ba9', '82b3aed4-1ad1-4a2b-8988-32b35028bce1', '4629eb5b-dde5-48fe-8f12-fb2c3922f40f', '252adf9f-4dcd-4de6-a1d9-e3267f2cb138', 'a8bb5ec4-458a-45d4-9337-0a7e9a6e8093', 'bcfcd832-76c4-4d9d-a6bb-3ba9da751b57', 'e70c38da-c9f9-43f7-a603-19b57df39e42', '76601021-6d84-47d9-9db7-65299fecfd3d', '02947927-ce1b-4561-b952-d9518823f294', 'b8f3a653-f27a-470b-9e78-e1b140470470', 'e5493c84-a14b-44b8-b731-65a91edb4b85', '15633019-2bf1-4d7e-b95b-9e35a459d706', '13ec40ee-4d0e-4909-93ba-a4f6f6e293db', '2e944a7c-43b7-4e9d-9248-2479e84c9d34', '46359c19-d14a-41f3-b3ae-5dfebeae316f', '9bf7c4bb-4c05-463c-a90b-97134df2e83c', '2c7036d2-99d5-4974-abf3-090019720415', '21ee02b0-fb0e-4834-8040-1b07a4dfd4ca', 'de18ef45-8b65-42cf-95c4-d0915933a377', '547e691d-aaa4-4baa-9de3-71f9801cd491', 'c98f680b-e785-4439-8d61-650603cba440', '6fd63f3a-d34e-439d-b510-49e08464ff1e', '01719708-5a52-4b62-a080-84f98c784902', 'ab626d11-a5ac-4cd9-892e-cbe748c6fdff', '0e683f4e-902d-47b6-868d-e35893c62121']"
15e91ac4-9e11-48ea-ad74-e4a966f3d068,Stan Blomme,['01061009'],[],['9b5a1fad-ec01-4e6f-a258-f32759457dfb'],[]
b80175b4-a297-47a1-8a84-30fdd89b617e,Wannes Nauwynck,"['01060803', '01060312', '01060305']","['f6788254-79eb-420d-ac79-36f3ad1c7444', '709812ad-0edf-4bc5-80bc-014af97be5e8']",['ce1ce9f0-d2d4-4e62-9383-98393355ddf9'],[]
12a18f55-5c4c-4a81-a268-047505742c65,Anne-Lise Montreuil,[],[],"['b2e4f3b8-42d2-46f6-990b-b319460b2155', '637f61df-892b-45ff-9e3a-263090cfb2e8']","['0c362b0a-ee5b-488d-be2f-03f4cae46bcc', 'book-component:0c362b0a-ee5b-488d-be2f-03f4cae46bcc', 'faaca830-7ee7-4a3a-8d77-43d01574b299', '49d1a8a5-f0ef-4517-872d-8d56b3a84d0d', 'efe1c82f-30be-4237-a32b-715546e843a7', '81af1050-92aa-4fba-b4df-262e10b52506', 'e2a73add-97eb-4f40-9be8-7cee1737f8d6', '40c97bff-066c-4563-bc16-741bb77870da']"
7ae66f13-b62b-4901-9801-426ebf335a7f,Lin Nan,[],[],['0016eb38-4374-4747-a43f-c408af2c2d70'],[]
09397e92-0002-4e06-b738-fb52dcc86aa7,Astrid PUES,"['03019999', '03011499', '03050101', '03050102', '03061404', '03062305']","['e260fb11-0bcf-4ee9-b0af-5af91fcabaac', '04b6da4f-fc48-48ab-80ea-752eab9814ce']","['b0b871a4-3737-4271-82bc-34bb29d0b1cb', 'e94dce62-37a1-4db4-b508-81052f4c9a8b', '56b4c9d8-bca1-4b25-abc5-9b761eeb6e0a', 'f15720f8-954e-4fbe-9e9a-c3573427e5b5', 'eb6b8bd9-cbd1-4155-835f-93816dc4ca58', 'abc3b4af-05a2-4b41-91fb-7c1a5a781010']","['50eb240c-0324-4285-a9c0-12d9c958c9f3', 'f13c3d1f-57a5-4f96-926e-b92cd8e87866']"
95cd67c8-01cd-41e1-946f-56a7d493db72,Willem Goossens,['01061006'],[],['c5a47d38-b0f4-42b2-8005-75e1536b6b7f'],[]
6c1da1f4-ccc6-4a1d-a936-99bad3488dc6,Gilles Van Eygen,['02040501'],['638e1f28-aa54-49e7-aad0-0e7dfaabb824'],['49547dd0-08f7-4ae5-9dfa-c00833d30216'],[]
